<prototype><order><productsList><product productID="-1"><productName>Null</productName><cost/><quantity/></product></productsList><subTotal/><tax/><total/><shippingAddress><streetNumber/><streetName/><province/><postalCode/><country/><instructions/></shippingAddress><customer><customerName>Default</customerName><creditCardNumber>#######</creditCardNumber><creditCardExpiry>#####</creditCardExpiry></customer></order><product productID="-1"><productName>Null</productName><cost/><quantity/></product></prototype>