<!-- Central user configuration. Editing this document will cause the security to reload and update its internal database. Please handle with care! --><auth version="1.0"><!-- Please do not remove the guest and admin groups --><groups last-id="3"><group name="dba" id="1"/><group name="guest" id="2"/><group name="test" id="3"/></groups><!-- Please do not remove the admin user. --><users last-id="3"><user name="admin" uid="1" password="{MD5}nLTJrsOWSC+jRJO7vjINtA==" digest-password="56024ae10e4ff02f66f1c10b69b5e86e"><group>dba</group></user><user name="guest" uid="2" password="{MD5}CE4DQ6BIb/BVMN9scFyLtA==" digest-password="e55d929cdbc8d5a7ce3bda044bc69f59"><group>guest</group></user><user name="erikj" uid="3" password="{MD5}nLTJrsOWSC+jRJO7vjINtA==" digest-password="1587a751ca6638f3d6f2d5f2f575cf0a" home="testCollection"><group>test</group></user></users></auth>