<ordersHistory><orders><order xmlns:xsd="http://www.w3.org/2001/XMLSchema" xmlns:xsi="http://www.w3.org/2001/XMLSchema-Instance"><productsList><product productID="1"><productName>Tractor</productName><cost>99.0</cost><quantity>1</quantity><lineTotal/></product><product productID="2"><productName>Trailer</productName><cost>53.00</cost><quantity>3</quantity><lineTotal/></product></productsList><prototype><product productID="-1"><productName/><cost/><quantity>0</quantity><lineTotal/></product></prototype><subTotal>0</subTotal><tax>0</tax><total/><customerInfo><customer><customerName>Erik Johnson</customerName><creditCardNumber/><creditCardExpiry/></customer><shippingAddress><streetNumber/><streetName/><province/><postalCode/><country/><instructions/></shippingAddress><shippingByDate xsi:type="xsd:date"/><creditCardInfo><creditCardNumber/><creditCardExpiry/></creditCardInfo></customerInfo></order><order><productsList><product productID="1"><productName>Pencils</productName><cost>99.00</cost><quantity>40</quantity><lineTotal>3960</lineTotal></product><product productID="-1"><productName>Pencils</productName><cost>76</cost><quantity>1</quantity><lineTotal>76</lineTotal></product><product productID="2"><productName>Paper</productName><cost>35.00</cost><quantity>40</quantity><lineTotal>1400</lineTotal></product></productsList><subTotal>5436</subTotal><tax>380.52000000000004</tax><total>5816.52</total><shippingAddress><streetNumber/><streetName/><province/><postalCode/><country/><instructions/></shippingAddress><customerInfo><customer><customerName>Erik Johnson</customerName><creditCardNumber>#######</creditCardNumber><creditCardExpiry>#####</creditCardExpiry></customer><shippingAddress><streetNumber/><streetName/><province/><postalCode/><country/><instructions/></shippingAddress><shippingByDate xmlns:xsi="http://www.w3.org/2001/XMLSchema-Instance" xsi:type="xsd:date"/><creditCardInfo><creditCardNumber/><creditCardExpiry/></creditCardInfo></customerInfo></order><order><productsList><product productID="1"><productName>Notebook</productName><cost>99.00</cost><quantity>20</quantity><lineTotal>1980</lineTotal></product><product productID="2"><productName>Pens</productName><cost>40.00</cost><quantity>35</quantity><lineTotal>1400</lineTotal></product></productsList><subTotal>3380</subTotal><tax>236.60000000000002</tax><total>3616.6</total><shippingAddress><streetNumber/><streetName/><province/><postalCode/><country/><instructions/></shippingAddress><customerInfo><customer><customerName>John Boyer</customerName><creditCardNumber>9125456874</creditCardNumber><creditCardExpiry>2010/10/08</creditCardExpiry></customer><shippingAddress><streetNumber/><streetName/><province/><postalCode/><country/><instructions/></shippingAddress><shippingByDate xmlns:xsi="http://www.w3.org/2001/XMLSchema-Instance" xsi:type="xsd:date"/><creditCardInfo><creditCardNumber/><creditCardExpiry/></creditCardInfo></customerInfo></order></orders><report><totalItems/><subTotal/><tax/><total/></report></ordersHistory>