<atom:feed xmlns="http://www.w3.org/2005/Atom" xmlns:atom="http://www.w3.org/2005/Atom" xml:lang="en-US"><atom:title>Twitter / existdb</atom:title><atom:id>tag:twitter.com,2007:Status</atom:id><atom:link type="text/html" href="http://twitter.com/existdb" rel="alternate"/><atom:link type="application/atom+xml" href="http://twitter.com/statuses/user_timeline/existdb.atom" rel="self"/><atom:updated>2009-10-26T21:21:41+00:00</atom:updated><atom:subtitle>Twitter updates from eXist XML Database / existdb.</atom:subtitle><atom:entry><atom:title>existdb: The 1.4 release has been delayed by a week (Nov 2nd) due to a few show stoppers which were found recently (and have mostly been fixed now).</atom:title><atom:content type="html">existdb: The 1.4 release has been delayed by a week (Nov 2nd) due to a few show stoppers which were found recently (and have mostly been fixed now).</atom:content><atom:id>tag:twitter.com,2007:http://twitter.com/existdb/statuses/5169562857</atom:id><atom:published>2009-10-26T09:53:55+00:00</atom:published><atom:updated>2009-10-26T09:53:55+00:00</atom:updated><atom:link type="text/html" href="http://twitter.com/existdb/statuses/5169562857" rel="alternate"/><atom:link type="image/jpeg" href="http://a1.twimg.com/profile_images/108545432/logo_normal.jpg" rel="image"/><atom:author><atom:name>eXist XML Database</atom:name><atom:uri>http://www.exist-db.org</atom:uri></atom:author></atom:entry><atom:entry><atom:title>existdb: Fixed WebDAV lock issue in 1.4rc, which could block more and more threads until eXist came to a complete halt.</atom:title><atom:content type="html">existdb: Fixed WebDAV lock issue in 1.4rc, which could block more and more threads until eXist came to a complete halt.</atom:content><atom:id>tag:twitter.com,2007:http://twitter.com/existdb/statuses/5121515529</atom:id><atom:published>2009-10-24T12:28:36+00:00</atom:published><atom:updated>2009-10-24T12:28:36+00:00</atom:updated><atom:link type="text/html" href="http://twitter.com/existdb/statuses/5121515529" rel="alternate"/><atom:link type="image/jpeg" href="http://a1.twimg.com/profile_images/108545432/logo_normal.jpg" rel="image"/><atom:author><atom:name>eXist XML Database</atom:name><atom:uri>http://www.exist-db.org</atom:uri></atom:author></atom:entry><atom:entry><atom:title>existdb: #oXygen #XML editor 11 was just released at http://www.oxygenxml.com - see http://bit.ly/v4sjo for the new additions. (via @georgebina)</atom:title><atom:content type="html">existdb: #oXygen #XML editor 11 was just released at http://www.oxygenxml.com - see http://bit.ly/v4sjo for the new additions. (via @georgebina)</atom:content><atom:id>tag:twitter.com,2007:http://twitter.com/existdb/statuses/4737704994</atom:id><atom:published>2009-10-09T16:01:42+00:00</atom:published><atom:updated>2009-10-09T16:01:42+00:00</atom:updated><atom:link type="text/html" href="http://twitter.com/existdb/statuses/4737704994" rel="alternate"/><atom:link type="image/jpeg" href="http://a1.twimg.com/profile_images/108545432/logo_normal.jpg" rel="image"/><atom:author><atom:name>eXist XML Database</atom:name><atom:uri>http://www.exist-db.org</atom:uri></atom:author></atom:entry><atom:entry><atom:title>existdb: @abcoates eXist has a persistent DOM which can be used from Java in embedded mode. But I would prefer to use XQuery to restrict my view.</atom:title><atom:content type="html">existdb: @abcoates eXist has a persistent DOM which can be used from Java in embedded mode. But I would prefer to use XQuery to restrict my view.</atom:content><atom:id>tag:twitter.com,2007:http://twitter.com/existdb/statuses/4711035254</atom:id><atom:published>2009-10-08T15:35:21+00:00</atom:published><atom:updated>2009-10-08T15:35:21+00:00</atom:updated><atom:link type="text/html" href="http://twitter.com/existdb/statuses/4711035254" rel="alternate"/><atom:link type="image/jpeg" href="http://a1.twimg.com/profile_images/108545432/logo_normal.jpg" rel="image"/><atom:author><atom:name>eXist XML Database</atom:name><atom:uri>http://www.exist-db.org</atom:uri></atom:author></atom:entry><atom:entry><atom:title>existdb: RT @wolfgangm http://twitpic.com/jenou - Using eXist's new XQuery debugger from emacs (via DBGP protocol)</atom:title><atom:content type="html">existdb: RT @wolfgangm http://twitpic.com/jenou - Using eXist's new XQuery debugger from emacs (via DBGP protocol)</atom:content><atom:id>tag:twitter.com,2007:http://twitter.com/existdb/statuses/4425746012</atom:id><atom:published>2009-09-27T21:05:20+00:00</atom:published><atom:updated>2009-09-27T21:05:20+00:00</atom:updated><atom:link type="text/html" href="http://twitter.com/existdb/statuses/4425746012" rel="alternate"/><atom:link type="image/jpeg" href="http://a1.twimg.com/profile_images/108545432/logo_normal.jpg" rel="image"/><atom:author><atom:name>eXist XML Database</atom:name><atom:uri>http://www.exist-db.org</atom:uri></atom:author></atom:entry><atom:entry><atom:title>existdb: @JeniT yeah, looks like your name appears in several of my MODS entries ;)</atom:title><atom:content type="html">existdb: @JeniT yeah, looks like your name appears in several of my MODS entries ;)</atom:content><atom:id>tag:twitter.com,2007:http://twitter.com/existdb/statuses/4425658803</atom:id><atom:published>2009-09-27T21:01:20+00:00</atom:published><atom:updated>2009-09-27T21:01:20+00:00</atom:updated><atom:link type="text/html" href="http://twitter.com/existdb/statuses/4425658803" rel="alternate"/><atom:link type="image/jpeg" href="http://a1.twimg.com/profile_images/108545432/logo_normal.jpg" rel="image"/><atom:author><atom:name>eXist XML Database</atom:name><atom:uri>http://www.exist-db.org</atom:uri></atom:author></atom:entry><atom:entry><atom:title>existdb: eXist 1.4 release candidate is available, featuring new full text index, URL rewriting, XProc, query engine redesign ... http://bit.ly/FvOgf</atom:title><atom:content type="html">existdb: eXist 1.4 release candidate is available, featuring new full text index, URL rewriting, XProc, query engine redesign ... http://bit.ly/FvOgf</atom:content><atom:id>tag:twitter.com,2007:http://twitter.com/existdb/statuses/3859877085</atom:id><atom:published>2009-09-09T08:59:42+00:00</atom:published><atom:updated>2009-09-09T08:59:42+00:00</atom:updated><atom:link type="text/html" href="http://twitter.com/existdb/statuses/3859877085" rel="alternate"/><atom:link type="image/jpeg" href="http://a1.twimg.com/profile_images/108545432/logo_normal.jpg" rel="image"/><atom:author><atom:name>eXist XML Database</atom:name><atom:uri>http://www.exist-db.org</atom:uri></atom:author></atom:entry><atom:entry><atom:title>existdb: @skruk please post the patch on the sf.net server (patch tracker)</atom:title><atom:content type="html">existdb: @skruk please post the patch on the sf.net server (patch tracker)</atom:content><atom:id>tag:twitter.com,2007:http://twitter.com/existdb/statuses/3741281562</atom:id><atom:published>2009-09-03T20:26:46+00:00</atom:published><atom:updated>2009-09-03T20:26:46+00:00</atom:updated><atom:link type="text/html" href="http://twitter.com/existdb/statuses/3741281562" rel="alternate"/><atom:link type="image/jpeg" href="http://a1.twimg.com/profile_images/108545432/logo_normal.jpg" rel="image"/><atom:author><atom:name>eXist XML Database</atom:name><atom:uri>http://www.exist-db.org</atom:uri></atom:author></atom:entry><atom:entry><atom:title>existdb: Tomcat deployment issue fixed. Now back to testing and packaging the release...</atom:title><atom:content type="html">existdb: Tomcat deployment issue fixed. Now back to testing and packaging the release...</atom:content><atom:id>tag:twitter.com,2007:http://twitter.com/existdb/statuses/3733106003</atom:id><atom:published>2009-09-03T13:09:21+00:00</atom:published><atom:updated>2009-09-03T13:09:21+00:00</atom:updated><atom:link type="text/html" href="http://twitter.com/existdb/statuses/3733106003" rel="alternate"/><atom:link type="image/jpeg" href="http://a1.twimg.com/profile_images/108545432/logo_normal.jpg" rel="image"/><atom:author><atom:name>eXist XML Database</atom:name><atom:uri>http://www.exist-db.org</atom:uri></atom:author></atom:entry><atom:entry><atom:title>existdb: Wasted the entire morning trying to get the documentation to display properly in internet explorer 8.</atom:title><atom:content type="html">existdb: Wasted the entire morning trying to get the documentation to display properly in internet explorer 8.</atom:content><atom:id>tag:twitter.com,2007:http://twitter.com/existdb/statuses/3600350161</atom:id><atom:published>2009-08-28T10:49:26+00:00</atom:published><atom:updated>2009-08-28T10:49:26+00:00</atom:updated><atom:link type="text/html" href="http://twitter.com/existdb/statuses/3600350161" rel="alternate"/><atom:link type="image/jpeg" href="http://a1.twimg.com/profile_images/108545432/logo_normal.jpg" rel="image"/><atom:author><atom:name>eXist XML Database</atom:name><atom:uri>http://www.exist-db.org</atom:uri></atom:author></atom:entry><atom:entry><atom:title>existdb: Fixed the last major bug on our todo list for the release: xmlrpc "result set unknown or timed out" issue.</atom:title><atom:content type="html">existdb: Fixed the last major bug on our todo list for the release: xmlrpc "result set unknown or timed out" issue.</atom:content><atom:id>tag:twitter.com,2007:http://twitter.com/existdb/statuses/3563246170</atom:id><atom:published>2009-08-26T19:58:44+00:00</atom:published><atom:updated>2009-08-26T19:58:44+00:00</atom:updated><atom:link type="text/html" href="http://twitter.com/existdb/statuses/3563246170" rel="alternate"/><atom:link type="image/jpeg" href="http://a1.twimg.com/profile_images/108545432/logo_normal.jpg" rel="image"/><atom:author><atom:name>eXist XML Database</atom:name><atom:uri>http://www.exist-db.org</atom:uri></atom:author></atom:entry><atom:entry><atom:title>existdb: Completed missing documentation on url rewriting, versioning and kwic display.</atom:title><atom:content type="html">existdb: Completed missing documentation on url rewriting, versioning and kwic display.</atom:content><atom:id>tag:twitter.com,2007:http://twitter.com/existdb/statuses/3541619572</atom:id><atom:published>2009-08-25T19:59:05+00:00</atom:published><atom:updated>2009-08-25T19:59:05+00:00</atom:updated><atom:link type="text/html" href="http://twitter.com/existdb/statuses/3541619572" rel="alternate"/><atom:link type="image/jpeg" href="http://a1.twimg.com/profile_images/108545432/logo_normal.jpg" rel="image"/><atom:author><atom:name>eXist XML Database</atom:name><atom:uri>http://www.exist-db.org</atom:uri></atom:author></atom:entry><atom:entry><atom:title>existdb: Highlights: function documentation, xml validation, relative module resolving..... heading to the release!</atom:title><atom:content type="html">existdb: Highlights: function documentation, xml validation, relative module resolving..... heading to the release!</atom:content><atom:id>tag:twitter.com,2007:http://twitter.com/existdb/statuses/3411890260</atom:id><atom:published>2009-08-19T20:02:41+00:00</atom:published><atom:updated>2009-08-19T20:02:41+00:00</atom:updated><atom:link type="text/html" href="http://twitter.com/existdb/statuses/3411890260" rel="alternate"/><atom:link type="image/jpeg" href="http://a1.twimg.com/profile_images/108545432/logo_normal.jpg" rel="image"/><atom:author><atom:name>eXist XML Database</atom:name><atom:uri>http://www.exist-db.org</atom:uri></atom:author></atom:entry><atom:entry><atom:title>existdb: Uploaded a new preview of the upcoming eXist-db release to http://www.exist-db.nl/files  (rev9849).</atom:title><atom:content type="html">existdb: Uploaded a new preview of the upcoming eXist-db release to http://www.exist-db.nl/files  (rev9849).</atom:content><atom:id>tag:twitter.com,2007:http://twitter.com/existdb/statuses/3411874189</atom:id><atom:published>2009-08-19T20:01:51+00:00</atom:published><atom:updated>2009-08-19T20:01:51+00:00</atom:updated><atom:link type="text/html" href="http://twitter.com/existdb/statuses/3411874189" rel="alternate"/><atom:link type="image/jpeg" href="http://a1.twimg.com/profile_images/108545432/logo_normal.jpg" rel="image"/><atom:author><atom:name>eXist XML Database</atom:name><atom:uri>http://www.exist-db.org</atom:uri></atom:author></atom:entry><atom:entry><atom:title>existdb: The 1.4 release candidate has been delayed until middle of next week. Documentation is missing and some developers are currently abroad.</atom:title><atom:content type="html">existdb: The 1.4 release candidate has been delayed until middle of next week. Documentation is missing and some developers are currently abroad.</atom:content><atom:id>tag:twitter.com,2007:http://twitter.com/existdb/statuses/3291408210</atom:id><atom:published>2009-08-13T18:47:27+00:00</atom:published><atom:updated>2009-08-13T18:47:27+00:00</atom:updated><atom:link type="text/html" href="http://twitter.com/existdb/statuses/3291408210" rel="alternate"/><atom:link type="image/jpeg" href="http://a1.twimg.com/profile_images/108545432/logo_normal.jpg" rel="image"/><atom:author><atom:name>eXist XML Database</atom:name><atom:uri>http://www.exist-db.org</atom:uri></atom:author></atom:entry><atom:entry><atom:title>existdb: A new preview of #existdb 1.3/trunk has been uploaded to http://www.exist-db.nl/files (exist-1.3.0dev-rev9621)</atom:title><atom:content type="html">existdb: A new preview of #existdb 1.3/trunk has been uploaded to http://www.exist-db.nl/files (exist-1.3.0dev-rev9621)</atom:content><atom:id>tag:twitter.com,2007:http://twitter.com/existdb/statuses/3086719946</atom:id><atom:published>2009-08-02T14:14:43+00:00</atom:published><atom:updated>2009-08-02T14:14:43+00:00</atom:updated><atom:link type="text/html" href="http://twitter.com/existdb/statuses/3086719946" rel="alternate"/><atom:link type="image/jpeg" href="http://a1.twimg.com/profile_images/108545432/logo_normal.jpg" rel="image"/><atom:author><atom:name>eXist XML Database</atom:name><atom:uri>http://www.exist-db.org</atom:uri></atom:author></atom:entry><atom:entry><atom:title>existdb: Warning..... on https://sourceforge.net/projects/exist/ an old version of the software is linked. Please download via http://exist-db.org</atom:title><atom:content type="html">existdb: Warning..... on https://sourceforge.net/projects/exist/ an old version of the software is linked. Please download via http://exist-db.org</atom:content><atom:id>tag:twitter.com,2007:http://twitter.com/existdb/statuses/2634245154</atom:id><atom:published>2009-07-14T16:04:40+00:00</atom:published><atom:updated>2009-07-14T16:04:40+00:00</atom:updated><atom:link type="text/html" href="http://twitter.com/existdb/statuses/2634245154" rel="alternate"/><atom:link type="image/jpeg" href="http://a1.twimg.com/profile_images/108545432/logo_normal.jpg" rel="image"/><atom:author><atom:name>eXist XML Database</atom:name><atom:uri>http://www.exist-db.org</atom:uri></atom:author></atom:entry><atom:entry><atom:title>existdb: Achieved nice performance wins for queries on the Lucene-based index. Text and NGram indexes benefit from improvements in query optimizer.</atom:title><atom:content type="html">existdb: Achieved nice performance wins for queries on the Lucene-based index. Text and NGram indexes benefit from improvements in query optimizer.</atom:content><atom:id>tag:twitter.com,2007:http://twitter.com/existdb/statuses/2633686675</atom:id><atom:published>2009-07-14T15:27:58+00:00</atom:published><atom:updated>2009-07-14T15:27:58+00:00</atom:updated><atom:link type="text/html" href="http://twitter.com/existdb/statuses/2633686675" rel="alternate"/><atom:link type="image/jpeg" href="http://a1.twimg.com/profile_images/108545432/logo_normal.jpg" rel="image"/><atom:author><atom:name>eXist XML Database</atom:name><atom:uri>http://www.exist-db.org</atom:uri></atom:author></atom:entry><atom:entry><atom:title>existdb: @kngenie wrong jvm? Wrong download? The jar is confirmed to be ok...</atom:title><atom:content type="html">existdb: @kngenie wrong jvm? Wrong download? The jar is confirmed to be ok...</atom:content><atom:id>tag:twitter.com,2007:http://twitter.com/existdb/statuses/2573428789</atom:id><atom:published>2009-07-10T20:46:32+00:00</atom:published><atom:updated>2009-07-10T20:46:32+00:00</atom:updated><atom:link type="text/html" href="http://twitter.com/existdb/statuses/2573428789" rel="alternate"/><atom:link type="image/jpeg" href="http://a1.twimg.com/profile_images/108545432/logo_normal.jpg" rel="image"/><atom:author><atom:name>eXist XML Database</atom:name><atom:uri>http://www.exist-db.org</atom:uri></atom:author></atom:entry><atom:entry><atom:title>existdb: @avernet Sorry, this new feature does not work as advertised. Just committed a quick fix: http://bit.ly/Y6XVs</atom:title><atom:content type="html">existdb: @avernet Sorry, this new feature does not work as advertised. Just committed a quick fix: http://bit.ly/Y6XVs</atom:content><atom:id>tag:twitter.com,2007:http://twitter.com/existdb/statuses/2503513281</atom:id><atom:published>2009-07-06T21:43:24+00:00</atom:published><atom:updated>2009-07-06T21:43:24+00:00</atom:updated><atom:link type="text/html" href="http://twitter.com/existdb/statuses/2503513281" rel="alternate"/><atom:link type="image/jpeg" href="http://a1.twimg.com/profile_images/108545432/logo_normal.jpg" rel="image"/><atom:author><atom:name>eXist XML Database</atom:name><atom:uri>http://www.exist-db.org</atom:uri></atom:author></atom:entry></atom:feed>