<ordersList xmlns:xsd="http://www.w3.org/2001/XMLSchema" xmlns:xsi="http://www.w3.org/2001/XMLSchema-Instance"><order orderID="1"><productsList><product productID="1"><productName>Pencils</productName><cost>99.00</cost><quantity>40</quantity><lineTotal>3960</lineTotal></product><product productID="2"><productName>Paper</productName><cost>35.00</cost><quantity>40</quantity><lineTotal>1400</lineTotal></product></productsList><subTotal>5436</subTotal><tax>380.52000000000004</tax><total>5816.52</total><shippingAddress><streetNumber/><streetName/><province/><postalCode/><country/><instructions/></shippingAddress><customerInfo><customer><customerName>Erik Johnson</customerName><creditCardNumber>#######</creditCardNumber><creditCardExpiry>#####</creditCardExpiry></customer><shippingAddress><streetNumber/><streetName/><province/><postalCode/><country/><instructions/></shippingAddress><shippingByDate xsi:type="xsd:date"/><creditCardInfo><creditCardNumber/><creditCardExpiry/></creditCardInfo></customerInfo></order><order orderID="13"><productsList><product productID="1"><productName>Tractor</productName><cost>99.0</cost><quantity>1</quantity><lineTotal/></product><product productID="2"><productName>Trailer</productName><cost>53.00</cost><quantity>3</quantity><lineTotal/></product></productsList><prototype><product productID="-1"><productName/><cost/><quantity>0</quantity><lineTotal/></product></prototype><subTotal>0</subTotal><tax>0</tax><total/><customerInfo><customer><customerName/><creditCardNumber/><creditCardExpiry/></customer><shippingAddress><streetNumber/><streetName/><province/><postalCode/><country/><instructions/></shippingAddress><shippingByDate xsi:type="xsd:date"/><creditCardInfo><creditCardNumber/><creditCardExpiry/></creditCardInfo></customerInfo></order><order orderID="14"><productsList><product productID="1"><productName>Tractor</productName><cost>99.0</cost><quantity>1</quantity><lineTotal/></product><product productID="2"><productName>Trailer</productName><cost>53.00</cost><quantity>3</quantity><lineTotal/></product></productsList><prototype><product productID="-1"><productName/><cost/><quantity>0</quantity><lineTotal/></product></prototype><subTotal>0</subTotal><tax>0</tax><total/><customerInfo><customer><customerName/><creditCardNumber/><creditCardExpiry/></customer><shippingAddress><streetNumber/><streetName/><province/><postalCode/><country/><instructions/></shippingAddress><shippingByDate xsi:type="xsd:date"/><creditCardInfo><creditCardNumber/><creditCardExpiry/></creditCardInfo></customerInfo></order><order orderID="15"><productsList><product productID="1"><productName>Tractor</productName><cost>99.0</cost><quantity>1</quantity><lineTotal/></product><product productID="2"><productName>Trailer</productName><cost>53.00</cost><quantity>3</quantity><lineTotal/></product></productsList><prototype><product productID="-1"><productName/><cost/><quantity>0</quantity><lineTotal/></product></prototype><subTotal>0</subTotal><tax>0</tax><total/><customerInfo><customer><customerName/><creditCardNumber/><creditCardExpiry/></customer><shippingAddress><streetNumber/><streetName/><province/><postalCode/><country/><instructions/></shippingAddress><shippingByDate xsi:type="xsd:date"/><creditCardInfo><creditCardNumber/><creditCardExpiry/></creditCardInfo></customerInfo></order><order orderID="16"><productsList><product productID="1"><productName>Tractor</productName><cost>99.0</cost><quantity>1</quantity><lineTotal/></product><product productID="2"><productName>Trailer</productName><cost>53.00</cost><quantity>3</quantity><lineTotal/></product></productsList><prototype><product productID="-1"><productName/><cost/><quantity>0</quantity><lineTotal/></product></prototype><subTotal>0</subTotal><tax>0</tax><total/><customerInfo><customer><customerName/><creditCardNumber/><creditCardExpiry/></customer><shippingAddress><streetNumber/><streetName/><province/><postalCode/><country/><instructions/></shippingAddress><shippingByDate xsi:type="xsd:date"/><creditCardInfo><creditCardNumber/><creditCardExpiry/></creditCardInfo></customerInfo></order><order orderID="17"><productsList><product productID="1"><productName>Tractor</productName><cost>99.0</cost><quantity>1</quantity><lineTotal/></product><product productID="2"><productName>Trailer</productName><cost>53.00</cost><quantity>3</quantity><lineTotal/></product></productsList><prototype><product productID="-1"><productName/><cost/><quantity>0</quantity><lineTotal/></product></prototype><subTotal>0</subTotal><tax>0</tax><total/><customerInfo><customer><customerName/><creditCardNumber/><creditCardExpiry/></customer><shippingAddress><streetNumber/><streetName/><province/><postalCode/><country/><instructions/></shippingAddress><shippingByDate xsi:type="xsd:date"/><creditCardInfo><creditCardNumber/><creditCardExpiry/></creditCardInfo></customerInfo></order><order orderID="18"><productsList><product productID="1"><productName>Tractor</productName><cost>99.0</cost><quantity>1</quantity><lineTotal/></product><product productID="2"><productName>Trailer</productName><cost>53.00</cost><quantity>3</quantity><lineTotal/></product></productsList><prototype><product productID="-1"><productName/><cost/><quantity>0</quantity><lineTotal/></product></prototype><subTotal>0</subTotal><tax>0</tax><total/><customerInfo><customer><customerName/><creditCardNumber/><creditCardExpiry/></customer><shippingAddress><streetNumber/><streetName/><province/><postalCode/><country/><instructions/></shippingAddress><shippingByDate xsi:type="xsd:date"/><creditCardInfo><creditCardNumber/><creditCardExpiry/></creditCardInfo></customerInfo></order><order orderID="19"><productsList><product productID="1"><productName>Tractor</productName><cost>99.0</cost><quantity>1</quantity><lineTotal/></product><product productID="2"><productName>Trailer</productName><cost>53.00</cost><quantity>3</quantity><lineTotal/></product></productsList><prototype><product productID="-1"><productName/><cost/><quantity>0</quantity><lineTotal/></product></prototype><subTotal>0</subTotal><tax>0</tax><total/><customerInfo><customer><customerName/><creditCardNumber/><creditCardExpiry/></customer><shippingAddress><streetNumber/><streetName/><province/><postalCode/><country/><instructions/></shippingAddress><shippingByDate xsi:type="xsd:date"/><creditCardInfo><creditCardNumber/><creditCardExpiry/></creditCardInfo></customerInfo></order><order orderID="20"><productsList><product productID="1"><productName>Tractor</productName><cost>99.0</cost><quantity>1</quantity><lineTotal/></product><product productID="2"><productName>Trailer</productName><cost>53.00</cost><quantity>3</quantity><lineTotal/></product></productsList><prototype><product productID="-1"><productName/><cost/><quantity>0</quantity><lineTotal/></product></prototype><subTotal>0</subTotal><tax>0</tax><total/><customerInfo><customer><customerName/><creditCardNumber/><creditCardExpiry/></customer><shippingAddress><streetNumber/><streetName/><province/><postalCode/><country/><instructions/></shippingAddress><shippingByDate xsi:type="xsd:date"/><creditCardInfo><creditCardNumber/><creditCardExpiry/></creditCardInfo></customerInfo></order><order orderID="21"><productsList><product productID="1"><productName>Tractor</productName><cost>99.0</cost><quantity>1</quantity><lineTotal/></product><product productID="2"><productName>Trailer</productName><cost>53.00</cost><quantity>3</quantity><lineTotal/></product></productsList><prototype><product productID="-1"><productName/><cost/><quantity>0</quantity><lineTotal/></product></prototype><subTotal>0</subTotal><tax>0</tax><total/><customerInfo><customer><customerName/><creditCardNumber/><creditCardExpiry/></customer><shippingAddress><streetNumber/><streetName/><province/><postalCode/><country/><instructions/></shippingAddress><shippingByDate xsi:type="xsd:date"/><creditCardInfo><creditCardNumber/><creditCardExpiry/></creditCardInfo></customerInfo></order><order orderID="22"><productsList><product productID="1"><productName>Tractor</productName><cost>99.0</cost><quantity>1</quantity><lineTotal/></product><product productID="2"><productName>Trailer</productName><cost>53.00</cost><quantity>3</quantity><lineTotal/></product></productsList><prototype><product productID="-1"><productName/><cost/><quantity>0</quantity><lineTotal/></product></prototype><subTotal>0</subTotal><tax>0</tax><total/><customerInfo><customer><customerName/><creditCardNumber/><creditCardExpiry/></customer><shippingAddress><streetNumber/><streetName/><province/><postalCode/><country/><instructions/></shippingAddress><shippingByDate xsi:type="xsd:date"/><creditCardInfo><creditCardNumber/><creditCardExpiry/></creditCardInfo></customerInfo></order><order orderID="23"><productsList><product productID="1"><productName>Tractor</productName><cost>99.0</cost><quantity>1</quantity><lineTotal/></product><product productID="2"><productName>Trailer</productName><cost>53.00</cost><quantity>3</quantity><lineTotal/></product></productsList><prototype><product productID="-1"><productName/><cost/><quantity>0</quantity><lineTotal/></product></prototype><subTotal>0</subTotal><tax>0</tax><total/><customerInfo><customer><customerName/><creditCardNumber/><creditCardExpiry/></customer><shippingAddress><streetNumber/><streetName/><province/><postalCode/><country/><instructions/></shippingAddress><shippingByDate xsi:type="xsd:date"/><creditCardInfo><creditCardNumber/><creditCardExpiry/></creditCardInfo></customerInfo></order><order orderID="24"><productsList><product productID="1"><productName>Tractor</productName><cost>99.0</cost><quantity>1</quantity><lineTotal/></product><product productID="2"><productName>Trailer</productName><cost>53.00</cost><quantity>3</quantity><lineTotal/></product></productsList><prototype><product productID="-1"><productName/><cost/><quantity>0</quantity><lineTotal/></product></prototype><subTotal>0</subTotal><tax>0</tax><total/><customerInfo><customer><customerName/><creditCardNumber/><creditCardExpiry/></customer><shippingAddress><streetNumber/><streetName/><province/><postalCode/><country/><instructions/></shippingAddress><shippingByDate xsi:type="xsd:date"/><creditCardInfo><creditCardNumber/><creditCardExpiry/></creditCardInfo></customerInfo></order><order orderID="25"><productsList><product productID="1"><productName>Tractor</productName><cost>99.0</cost><quantity>1</quantity><lineTotal/></product><product productID="2"><productName>Trailer</productName><cost>53.00</cost><quantity>3</quantity><lineTotal/></product></productsList><prototype><product productID="-1"><productName/><cost/><quantity>0</quantity><lineTotal/></product></prototype><subTotal>0</subTotal><tax>0</tax><total/><customerInfo><customer><customerName/><creditCardNumber/><creditCardExpiry/></customer><shippingAddress><streetNumber/><streetName/><province/><postalCode/><country/><instructions/></shippingAddress><shippingByDate xsi:type="xsd:date"/><creditCardInfo><creditCardNumber/><creditCardExpiry/></creditCardInfo></customerInfo></order><order orderID="26"><productsList><product productID="1"><productName>Tractor</productName><cost>99.0</cost><quantity>1</quantity><lineTotal/></product><product productID="2"><productName>Trailer</productName><cost>53.00</cost><quantity>3</quantity><lineTotal/></product></productsList><prototype><product productID="-1"><productName/><cost/><quantity>0</quantity><lineTotal/></product></prototype><subTotal>0</subTotal><tax>0</tax><total/><customerInfo><customer><customerName/><creditCardNumber/><creditCardExpiry/></customer><shippingAddress><streetNumber/><streetName/><province/><postalCode/><country/><instructions/></shippingAddress><shippingByDate xsi:type="xsd:date"/><creditCardInfo><creditCardNumber/><creditCardExpiry/></creditCardInfo></customerInfo></order><order orderID="27"><productsList><product productID="1"><productName>Tractor</productName><cost>99.0</cost><quantity>1</quantity><lineTotal/></product><product productID="2"><productName>Trailer</productName><cost>53.00</cost><quantity>3</quantity><lineTotal/></product></productsList><prototype><product productID="-1"><productName/><cost/><quantity>0</quantity><lineTotal/></product></prototype><subTotal>0</subTotal><tax>0</tax><total/><customerInfo><customer><customerName/><creditCardNumber/><creditCardExpiry/></customer><shippingAddress><streetNumber/><streetName/><province/><postalCode/><country/><instructions/></shippingAddress><shippingByDate xsi:type="xsd:date"/><creditCardInfo><creditCardNumber/><creditCardExpiry/></creditCardInfo></customerInfo></order></ordersList>