<order xmlns:xsd="http://www.w3.org/2001/XMLSchema" xmlns:xsi="http://www.w3.org/2001/XMLSchema-Instance" orderID="27"><productsList><product productID="1"><productName>Tractor</productName><cost>99.0</cost><quantity>1</quantity><lineTotal/></product><product productID="2"><productName>Trailer</productName><cost>53.00</cost><quantity>3</quantity><lineTotal/></product></productsList><prototype><product productID="-1"><productName/><cost/><quantity>0</quantity><lineTotal/></product></prototype><subTotal>0</subTotal><tax>0</tax><total/><customerInfo><customer><customerName/><creditCardNumber/><creditCardExpiry/></customer><shippingAddress><streetNumber/><streetName/><province/><postalCode/><country/><instructions/></shippingAddress><shippingByDate xsi:type="xsd:date"/><creditCardInfo><creditCardNumber/><creditCardExpiry/></creditCardInfo></customerInfo></order>