<productInventory xmlns:xsd="http://www.w3.org/2001/XMLSchema" xmlns:xsi="http://www.w3.org/2001/XMLSchema-Instance"><product productID="1"><productName>Notebook</productName><cost>8.95</cost><image xsi:type="xsd:anyURI">../images/notebook.png</image><quantity>252</quantity></product><product productID="4"><productName>Paper Pack</productName><cost>3.99</cost><image xsi:type="xsd:anyURI">../images/notebook.png</image><quantity>400</quantity></product><product productID="2"><productName>Paper</productName><cost>1.99</cost><image xsi:type="xsd:anyURI">../images/paper.png</image><quantity>93</quantity></product><product productID="3"><productName>Pen Pack</productName><cost>6.99</cost><image xsi:type="xsd:anyURI">../images/pen.png</image><quantity>10</quantity></product><prototype><product productID="-1"><productName/><cost>0.00</cost><image xsi:type="xsd:anyURI"/><quantity>0</quantity></product></prototype></productInventory>